country,country_code,world_bank_region,income_group,gdp_per_capita_usd_2010,gdp_per_capita_usd_2011,population_2010,population_2011
Afghanistan,AFG,Middle East & North Africa,Low income,560.621505463146,606.694676337726,28284089.0,29347708.0
Albania,ALB,Europe & Central Asia,Upper middle income,4149.14469936847,4465.70914328865,2913021.0,2905195.0
Algeria,DZA,Middle East & North Africa,Upper middle income,4912.78585503672,5916.31364364343,36188236.0,36903376.0
American Samoa,ASM,East Asia & Pacific,High income,10375.1720141957,10383.459331451,55228.0,54895.0
Andorra,AND,Europe & Central Asia,High income,42746.830952263,46657.1561204071,80706.0,77783.0
Angola,AGO,Sub-Saharan Africa,Lower middle income,4101.63715564669,5184.15269151846,23294825.0,24218352.0
Antigua and Barbuda,ATG,Latin America & Caribbean,High income,15217.3950790922,14911.7275084471,85320.0,86332.0
Argentina,ARG,Latin America & Caribbean,Upper middle income,10260.1313108254,12704.2831819684,41288694.0,41730660.0
Armenia,ARM,Europe & Central Asia,Upper middle income,3041.34450723339,3349.55309771906,3044800.0,3027900.0
Aruba,ABW,Latin America & Caribbean,High income,24093.1401510626,25712.3843015186,101838.0,102591.0
Australia,AUS,East Asia & Pacific,High income,52313.8939041213,62799.3895017032,22031750.0,22340024.0
Austria,AUT,Europe & Central Asia,High income,46611.1393420232,51116.8953522042,8363404.0,8391643.0
Azerbaijan,AZE,Europe & Central Asia,Upper middle income,5843.5337683582,7189.81869211976,9054332.0,9173082.0
"Bahamas, The",BHS,Latin America & Caribbean,High income,27473.100430502,27090.8376801379,367478.0,371729.0
Bahrain,BHR,Middle East & North Africa,High income,21819.3291098099,25032.7867743333,1228543.0,1195020.0
Bangladesh,BGD,South Asia,Lower middle income,757.385280361508,837.336944695647,152201981.0,153591076.0
Barbados,BRB,Latin America & Caribbean,High income,19723.2381931602,20146.2381264508,275243.0,276139.0
Belarus,BLR,Europe & Central Asia,Upper middle income,6034.67885177216,6527.6593428786,9483836.0,9461643.0
Belgium,BEL,Europe & Central Asia,High income,44197.393671162,47760.8298776546,10895586.0,11038264.0
Belize,BLZ,Latin America & Caribbean,Upper middle income,5461.40735999001,5596.05222152289,320245.0,327298.0
Benin,BEN,Sub-Saharan Africa,Lower middle income,973.244254931526,1059.41358852588,9797484.0,10093623.0
Bermuda,BMU,North America,High income,104111.824244802,99049.0169927667,63725.0,63733.0
Bhutan,BTN,South Asia,Lower middle income,2435.5798056672,2787.97967608562,701632.0,709377.0
Bolivia,BOL,Latin America & Caribbean,Lower middle income,1929.78373077158,2315.52121930607,10182345.0,10348929.0
Bosnia and Herzegovina,BIH,Europe & Central Asia,Upper middle income,4506.47828548389,4982.69375768263,3811472.0,3741798.0
Botswana,BWA,Sub-Saharan Africa,Upper middle income,6215.73216077919,7287.38295334919,2033111.0,2073535.0
Brazil,BRA,Latin America & Caribbean,Upper middle income,11403.2821278747,13396.6243562986,193701929.0,195284734.0
British Virgin Islands,VGB,Latin America & Caribbean,High income,,,27675.0,28710.0
Brunei Darussalam,BRN,East Asia & Pacific,High income,34937.5555357155,46382.8274255349,392332.0,399389.0
Bulgaria,BGR,Europe & Central Asia,High income,6854.2987837778,7849.98219737366,7395599.0,7348328.0
Burkina Faso,BFA,Sub-Saharan Africa,Low income,624.957252224766,725.024767725475,16176498.0,16661908.0
Burundi,BDI,Sub-Saharan Africa,Low income,216.727705301976,230.069761381132,9376444.0,9717978.0
Cabo Verde,CPV,Sub-Saharan Africa,Upper middle income,3579.46006137809,4002.01386888785,509784.0,511447.0
Cambodia,KHM,East Asia & Pacific,Lower middle income,952.274616324008,1088.98152823081,14500726.0,14722584.0
Cameroon,CMR,Sub-Saharan Africa,Lower middle income,1398.58702025047,1513.96056994878,19668066.0,20232304.0
Canada,CAN,North America,High income,47560.8378831258,52224.1237767406,34005902.0,34339221.0
Cayman Islands,CYM,Latin America & Caribbean,High income,76837.6699636672,75280.960764889,54099.0,55606.0
Central African Republic,CAF,Sub-Saharan Africa,Low income,476.873786950728,534.057281471636,4492995.0,4565021.0
Chad,TCD,Sub-Saharan Africa,Low income,1141.80069268412,1308.1421872538,12312575.0,12754997.0
Channel Islands,CHI,Europe & Central Asia,High income,56123.4597963451,60415.2632075658,158621.0,159706.0
Chile,CHL,Latin America & Caribbean,High income,12632.8704724192,14487.3927832032,17181464.0,17351816.0
China,CHN,East Asia & Pacific,Upper middle income,4629.24551710077,5703.76027973346,1337705000.0,1345035000.0
Colombia,COL,Latin America & Caribbean,Upper middle income,6398.2958447102,7400.9940695669,44777319.0,45259614.0
Comoros,COM,Sub-Saharan Africa,Lower middle income,1386.57533553376,1531.43969320468,654836.0,668056.0
"Congo, Dem. Rep.",COD,Sub-Saharan Africa,Low income,352.400398754692,372.514273875789,68563038.0,70849311.0
"Congo, Rep.",COG,Sub-Saharan Africa,Lower middle income,2946.55798067708,3396.16505817952,4462290.0,4609724.0
Costa Rica,CRI,Latin America & Caribbean,High income,8265.78820580299,9276.39109377477,4555962.0,4609833.0
Croatia,HRV,Europe & Central Asia,High income,13729.7472872883,14691.591757962,4295427.0,4280622.0
Cuba,CUB,Latin America & Caribbean,Upper middle income,5272.26755824835,6104.46105236166,11297409.0,11301571.0
Curaçao,CUW,Latin America & Caribbean,High income,19847.2310127979,19426.326382752,148703.0,150831.0
Cyprus,CYP,Europe & Central Asia,High income,31105.02734375,32485.8046875,1127816.0,1146493.0
Czechia,CZE,Europe & Central Asia,High income,20160.4355077059,22049.1080788682,10474410.0,10496088.0
Côte d'Ivoire,CIV,Sub-Saharan Africa,Lower middle income,1553.54887048143,1596.62826565998,22488065.0,22982000.0
Denmark,DNK,Europe & Central Asia,High income,58104.5445594981,61809.737898222,5547683.0,5570572.0
Djibouti,DJI,Middle East & North Africa,Lower middle income,1213.23352553429,1306.34552844977,930251.0,948558.0
Dominica,DMA,Latin America & Caribbean,Upper middle income,7549.61964680375,7705.40717248319,68859.0,69053.0
Dominican Republic,DOM,Latin America & Caribbean,Upper middle income,5478.62470398954,5826.51014109195,9820175.0,9945621.0
Ecuador,ECU,Latin America & Caribbean,Upper middle income,4520.30959039763,5153.6916424375,15076695.0,15326227.0
"Egypt, Arab Rep.",EGY,Middle East & North Africa,Lower middle income,2455.08194645282,2590.64384891965,89196072.0,91093059.0
El Salvador,SLV,Latin America & Caribbean,Upper middle income,3040.07300952878,3330.60049486653,6068249.0,6090127.0
Equatorial Guinea,GNQ,Sub-Saharan Africa,Upper middle income,13720.1658723222,17198.2136668275,1189085.0,1241835.0
Eritrea,ERI,Sub-Saharan Africa,Low income,539.699512069686,688.68165957684,2945186.0,2998485.0
Estonia,EST,Europe & Central Asia,High income,14663.7041018705,17555.5455239426,1331475.0,1327439.0
Eswatini,SWZ,Sub-Saharan Africa,Lower middle income,3922.74039390733,4225.06049411911,1111650.0,1117833.0
Ethiopia,ETH,Sub-Saharan Africa,Low income,330.619412798644,343.024942351887,90538514.0,93149970.0
Faroe Islands,FRO,Europe & Central Asia,High income,47924.1364756678,51620.0541648551,48656.0,48542.0
Fiji,FJI,East Asia & Pacific,Upper middle income,3449.14452883369,4139.60288609702,910419.0,912989.0
Finland,FIN,Europe & Central Asia,High income,46506.2919016566,51060.3242589767,5363352.0,5388272.0
France,FRA,Europe & Central Asia,High income,40694.8211697025,43929.7840873812,65026211.0,65340830.0
French Polynesia,PYF,East Asia & Pacific,High income,22494.806706186,22831.5185348524,270580.0,271727.0
Gabon,GAB,Sub-Saharan Africa,Upper middle income,8356.74662013345,10219.1139339454,1719879.0,1781985.0
"Gambia, The",GMB,Sub-Saharan Africa,Low income,801.033372714536,710.608411468152,1926630.0,1983784.0
Georgia,GEO,Europe & Central Asia,Upper middle income,3281.72930937343,4119.66818307193,3786695.0,3756441.0
Germany,DEU,Europe & Central Asia,High income,42396.9665976293,47630.9761883572,81776930.0,80274983.0
Ghana,GHA,Sub-Saharan Africa,Lower middle income,1263.89251760539,1507.43573198753,25474995.0,26095088.0
Gibraltar,GIB,Europe & Central Asia,High income,,,31248.0,31660.0
Greece,GRC,Europe & Central Asia,High income,26653.0488008626,25504.7866510124,11121341.0,11104899.0
Greenland,GRL,Europe & Central Asia,High income,44277.1993400972,47186.8759969388,56534.0,56890.0
Grenada,GRD,Latin America & Caribbean,Upper middle income,6909.60169568597,6947.38136096464,111586.0,112079.0
Guam,GUM,East Asia & Pacific,High income,29719.7967836082,29926.2052442913,166522.0,166543.0
Guatemala,GTM,Latin America & Caribbean,Upper middle income,2805.25960237322,3168.98370607705,14500112.0,14792126.0
Guinea,GIN,Sub-Saharan Africa,Lower middle income,659.235326211315,636.694958747648,10396086.0,10656810.0
Guinea-Bissau,GNB,Sub-Saharan Africa,Low income,600.194298540768,719.539573498937,1566347.0,1608076.0
Guyana,GUY,Latin America & Caribbean,High income,4581.76179693492,4947.22170589917,749256.0,746153.0
Haiti,HTI,Latin America & Caribbean,Lower middle income,1209.72733503094,1312.03953552013,9803294.0,9914904.0
Honduras,HND,Latin America & Caribbean,Lower middle income,1893.32722662035,2073.66121088074,8365878.0,8540583.0
"Hong Kong SAR, China",HKG,East Asia & Pacific,High income,32550.136489179,35142.4879344543,7024200.0,7071600.0
Hungary,HUN,Europe & Central Asia,High income,13189.8433874768,14211.460557822,10000023.0,9971727.0
Iceland,ISL,Europe & Central Asia,High income,43776.4677400475,48254.953927254,318041.0,319014.0
India,IND,South Asia,Lower middle income,1347.51939071367,1445.46127486037,1243481564.0,1261224954.0
Indonesia,IDN,East Asia & Pacific,Upper middle income,3065.68348377765,3579.46442466152,246305322.0,249470032.0
"Iran, Islamic Rep.",IRN,Middle East & North Africa,Upper middle income,6291.19443655454,8025.68743364356,77420842.0,78383598.0
Iraq,IRQ,Middle East & North Africa,Upper middle income,4461.75196161555,5775.54229080293,31045366.0,32161424.0
Ireland,IRL,Europe & Central Asia,High income,48623.9666422487,52613.8540355689,4560155.0,4580084.0
Isle of Man,IMN,Europe & Central Asia,High income,70587.3140283741,77808.8579649376,83873.0,84382.0
Israel,ISR,Middle East & North Africa,High income,31398.9266927022,34476.7252065949,7623600.0,7765800.0
Italy,ITA,Europe & Central Asia,High income,35856.8625485539,38432.3742820019,59819407.0,60026841.0
Jamaica,JAM,Latin America & Caribbean,Upper middle income,4809.977380312,5232.63644918132,2748568.0,2760494.0
Japan,JPN,East Asia & Pacific,High income,45378.1378109399,49122.077634247,128070000.0,127833000.0
Jordan,JOR,Middle East & North Africa,Upper middle income,4139.04283161368,4363.42800211536,7297043.0,7480424.0
Kazakhstan,KAZ,Europe & Central Asia,Upper middle income,8793.07589980782,11287.1464926039,16836810.0,17066002.0
Kenya,KEN,Sub-Saharan Africa,Lower middle income,1091.51873101194,1096.14499807675,41598567.0,42758461.0
Kiribati,KIR,East Asia & Pacific,Lower middle income,1522.10068744154,1771.12926848792,108704.0,110647.0
"Korea, Dem. People's Rep.",PRK,East Asia & Pacific,Low income,,,24987258.0,25097874.0
"Korea, Rep.",KOR,East Asia & Pacific,High income,24071.2620526362,26175.2398553363,49554112.0,49936638.0
Kosovo,XKX,Europe & Central Asia,Upper middle income,2987.54523493128,3538.94809762524,1788743.0,1791949.0
Kuwait,KWT,Middle East & North Africa,High income,39212.252220155,49169.6063813095,2943372.0,3132814.0
Kyrgyz Republic,KGZ,Europe & Central Asia,Lower middle income,876.954476440354,1117.40174350185,5467059.0,5546587.0
Lao PDR,LAO,East Asia & Pacific,Lower middle income,1125.91610151261,1361.54704394913,6334194.0,6426590.0
Latvia,LVA,Europe & Central Asia,High income,11188.4191700977,12902.574053337,2097555.0,2059709.0
Lebanon,LBN,Middle East & North Africa,Lower middle income,7625.81051551165,7834.96257108993,5041288.0,5096020.0
Lesotho,LSO,Sub-Saharan Africa,Lower middle income,1119.47557793042,1280.73390931581,1996251.0,2014009.0
Liberia,LBR,Sub-Saharan Africa,Low income,492.252808033724,568.087865520004,4058890.0,4221178.0
Libya,LBY,Middle East & North Africa,Upper middle income,11600.9068649472,7593.8391525702,6497839.0,6343203.0
Liechtenstein,LIE,Europe & Central Asia,High income,141089.812849014,158066.369379163,36022.0,36312.0
Lithuania,LTU,Europe & Central Asia,High income,11829.122609457,14261.8433787325,3097282.0,3028115.0
Luxembourg,LUX,Europe & Central Asia,High income,110885.991378721,119025.057203467,506953.0,518347.0
"Macao SAR, China",MAC,East Asia & Pacific,High income,52596.2250160214,67046.7284292101,537000.0,549600.0
Madagascar,MDG,Sub-Saharan Africa,Low income,450.009391645726,506.163691559309,22183340.0,22822300.0
Malawi,MWI,Sub-Saharan Africa,Low income,683.124694716799,763.061000394572,14826463.0,15265022.0
Malaysia,MYS,East Asia & Pacific,Upper middle income,8899.34505544675,10217.1068585031,28655776.0,29162039.0
Maldives,MDV,South Asia,Upper middle income,7173.59601844692,7424.520410971,360792.0,373674.0
Mali,MLI,Sub-Saharan Africa,Low income,797.151541141189,938.292902579598,15945198.0,16469049.0
Malta,MLT,Middle East & North Africa,High income,21946.6073066905,23516.972445816,414508.0,416268.0
Marshall Islands,MHL,East Asia & Pacific,Upper middle income,3095.45768964722,3319.39815439151,52044.0,51907.0
Mauritania,MRT,Sub-Saharan Africa,Lower middle income,1659.96369705455,1931.19975525465,3390965.0,3502811.0
Mauritius,MUS,Sub-Saharan Africa,Upper middle income,8113.17670740212,9324.24232310496,1250400.0,1252404.0
Mexico,MEX,Latin America & Caribbean,Upper middle income,9728.80078307432,10664.4944032313,113623895.0,115243504.0
"Micronesia, Fed. Sts.",FSM,East Asia & Pacific,Upper middle income,2715.26873721406,2859.8488365615,107540.0,107698.0
Moldova,MDA,Europe & Central Asia,Upper middle income,2436.79935102421,2941.36224066021,2862354.0,2860699.0
Monaco,MCO,Europe & Central Asia,High income,161853.922745228,179364.009524397,33163.0,33946.0
Mongolia,MNG,East Asia & Pacific,Upper middle income,2625.21881402433,3736.04201455077,2738622.0,2786317.0
Montenegro,MNE,Europe & Central Asia,Upper middle income,6678.63939560908,7265.51771176628,619428.0,620345.0
Morocco,MAR,Middle East & North Africa,Lower middle income,3067.9853515625,3301.98876953125,32467016.0,32912588.0
Mozambique,MOZ,Sub-Saharan Africa,Low income,496.185839392659,618.17649286789,22999235.0,23649039.0
Myanmar,MMR,East Asia & Pacific,Lower middle income,1010.53417343401,1213.62898703376,49024382.0,49419820.0
Namibia,NAM,Sub-Saharan Africa,Lower middle income,5418.21633365814,5834.7917675794,2109811.0,2146325.0
Naoero,NRU,East Asia & Pacific,High income,4735.92000502092,6444.03642094634,10043.0,10098.0
Nepal,NPL,South Asia,Lower middle income,585.278491984574,785.518656222132,27341952.0,27464494.0
Netherlands,NLD,Europe & Central Asia,High income,51305.7338533973,54701.7728030611,16615394.0,16693074.0
New Caledonia,NCL,East Asia & Pacific,High income,35798.9084757829,38835.9401851385,261582.0,266543.0
New Zealand,NZL,East Asia & Pacific,High income,33761.9009639947,38425.829997974,4350700.0,4384000.0
Nicaragua,NIC,Latin America & Caribbean,Lower middle income,1526.56706951408,1679.71192084633,5737450.0,5819051.0
Niger,NER,Sub-Saharan Africa,Low income,474.425692340831,510.75956176268,16548835.0,17176283.0
Nigeria,NGA,Sub-Saharan Africa,Lower middle income,2202.25672957344,2418.41316975875,166642886.0,171379598.0
North Macedonia,MKD,Europe & Central Asia,Upper middle income,4833.36586759968,5416.86672931659,1946298.0,1937398.0
Northern Mariana Islands,MNP,East Asia & Pacific,High income,14771.4037455399,13598.7166094613,54091.0,53608.0
Norway,NOR,Europe & Central Asia,High income,90020.342257973,103545.218988177,4889252.0,4953088.0
Oman,OMN,Middle East & North Africa,High income,23570.1798147325,25188.0074151885,2757446.0,3076763.0
Pakistan,PAK,Middle East & North Africa,Lower middle income,987.304571124485,1131.73513834324,199239047.0,203746065.0
Palau,PLW,East Asia & Pacific,High income,10018.065238367,10795.639900708,18396.0,18078.0
Panama,PAN,Latin America & Caribbean,High income,8331.46421351868,9662.29592216607,3628535.0,3693505.0
Papua New Guinea,PNG,East Asia & Pacific,Lower middle income,1866.86889851208,2288.37591141234,7633523.0,7859346.0
Paraguay,PRY,Latin America & Caribbean,Upper middle income,4750.96273669322,5805.40154543044,5737971.0,5814626.0
Peru,PER,Latin America & Caribbean,Upper middle income,5072.11494019615,5861.35793645245,29086019.0,29304086.0
Philippines,PHL,East Asia & Pacific,Upper middle income,2162.91375885614,2383.91892522087,96337125.0,98248614.0
Poland,POL,Europe & Central Asia,High income,12567.7317676382,13867.6669408192,38042794.0,38063255.0
Portugal,PRT,Europe & Central Asia,High income,22551.935098809,23246.5425416481,10573100.0,10557560.0
Puerto Rico (US),PRI,Latin America & Caribbean,High income,26414.8810634548,27170.0766543278,3724465.0,3693464.0
Qatar,QAT,Middle East & North Africa,High income,77387.2936379616,103261.510293068,1616832.0,1624761.0
Romania,ROU,Europe & Central Asia,High income,8399.5374234284,9560.6755277458,20246871.0,20147528.0
Russian Federation,RUS,Europe & Central Asia,High income,10674.990234375,14305.33203125,142849468.0,143018195.0
Rwanda,RWA,Sub-Saharan Africa,Low income,586.599950359877,643.356138618166,10317553.0,10573733.0
Samoa,WSM,East Asia & Pacific,Upper middle income,3524.2479246203,3821.50678264479,193023.0,194713.0
San Marino,SMR,Europe & Central Asia,High income,56543.190562068,55601.4008139955,33270.0,32620.0
Saudi Arabia,SAU,Middle East & North Africa,High income,22028.3901426586,27126.7498747702,23978487.0,25091867.0
Senegal,SEN,Sub-Saharan Africa,Lower middle income,1275.88357492357,1374.67591873844,12635413.0,12958897.0
Serbia,SRB,Europe & Central Asia,Upper middle income,5970.92660940072,7082.2861666075,7291436.0,7236519.0
Seychelles,SYC,Sub-Saharan Africa,High income,10934.79494629,12110.0937461973,89770.0,87441.0
Sierra Leone,SLE,Sub-Saharan Africa,Low income,685.039673490948,761.146365577281,6222714.0,6387251.0
Singapore,SGP,East Asia & Pacific,High income,47236.683084953,53891.4570264372,5076732.0,5183688.0
Sint Maarten (Dutch part),SXM,Latin America & Caribbean,High income,26403.8143692163,27317.5178881974,33794.0,34267.0
Slovak Republic,SVK,Europe & Central Asia,High income,16899.448680529,18469.4354316836,5391428.0,5398384.0
Slovenia,SVN,Europe & Central Asia,High income,23329.8417691156,24940.6284841605,2048583.0,2052843.0
Solomon Islands,SLB,East Asia & Pacific,Lower middle income,1685.14535823757,1924.05795643133,532968.0,552945.0
"Somalia, Fed. Rep.",SOM,Sub-Saharan Africa,Low income,219.202453852397,235.325945610434,12261756.0,12348830.0
South Africa,ZAF,Sub-Saharan Africa,Upper middle income,7973.47195771517,8646.05571071635,52344051.0,52995205.0
South Sudan,SSD,Sub-Saharan Africa,Low income,1498.27034985194,1448.98435006408,9745953.0,10288109.0
Spain,ESP,Europe & Central Asia,High income,30658.7422282912,31824.6219134777,46576897.0,46742697.0
Sri Lanka,LKA,South Asia,Upper middle income,2808.36245207687,3224.95745082305,20879089.0,21009048.0
St. Kitts and Nevis,KNA,Latin America & Caribbean,High income,16622.9457908577,17832.4572919975,46846.0,46886.0
St. Lucia,LCA,Latin America & Caribbean,Upper middle income,8673.68720340529,9128.99442011613,170906.0,171801.0
St. Martin (French part),MAF,Latin America & Caribbean,High income,,20930.5821177758,36856.0,37069.0
St. Vincent and the Grenadines,VCT,Latin America & Caribbean,Upper middle income,6551.96835992405,6527.68996854448,109959.0,109349.0
Sudan,SDN,Sub-Saharan Africa,Low income,1305.63598632813,1332.6572265625,35414399.0,36140806.0
Suriname,SUR,Latin America & Caribbean,Upper middle income,7943.60482816915,7949.88867218383,549923.0,556269.0
Sweden,SWE,Europe & Central Asia,High income,52542.5759090299,60379.4814599322,9378126.0,9449213.0
Switzerland,CHE,Europe & Central Asia,High income,77956.1262043942,91910.3964565203,7824909.0,7912398.0
Syrian Arab Republic,SYR,Middle East & North Africa,Low income,2730.61487784917,2952.14372909443,22482421.0,22878098.0
São Tomé and Principe,STP,Sub-Saharan Africa,Lower middle income,1045.20958234528,1219.80189089671,181802.0,185649.0
Tajikistan,TJK,Europe & Central Asia,Lower middle income,737.338883219356,833.601978202852,7652141.0,7824785.0
Tanzania,TZA,Sub-Saharan Africa,Lower middle income,736.530151367188,775.392761230469,44758488.0,46029367.0
Thailand,THA,East Asia & Pacific,Upper middle income,4973.86288823778,5373.6232832898,68579447.0,69007208.0
Timor-Leste,TLS,East Asia & Pacific,Lower middle income,813.060177250597,939.045241112693,1084679.0,1110207.0
Togo,TGO,Sub-Saharan Africa,Lower middle income,750.323421086121,834.14671980279,6325788.0,6500582.0
Tonga,TON,East Asia & Pacific,Upper middle income,3416.08356601207,3849.99375750134,107400.0,107570.0
Trinidad and Tobago,TTO,Latin America & Caribbean,High income,16815.424737361,19151.0870229722,1317714.0,1328019.0
Tunisia,TUN,Middle East & North Africa,Lower middle income,4291.86120891575,4420.64772206537,10765980.0,10886035.0
Turkmenistan,TKM,Europe & Central Asia,Upper middle income,4058.53937000739,5143.61929334647,5564356.0,5683417.0
Turks and Caicos Islands,TCA,Latin America & Caribbean,High income,23093.8498268267,27327.4006354146,29739.0,30846.0
Tuvalu,TUV,East Asia & Pacific,Upper middle income,3054.96154183353,3679.5325726267,10614.0,10780.0
Türkiye,TUR,Europe & Central Asia,Upper middle income,10698.9699409757,11373.6355760885,73142150.0,74223629.0
Uganda,UGA,Sub-Saharan Africa,Low income,823.488144282,835.620060555838,32390802.0,33354543.0
Ukraine,UKR,Europe & Central Asia,Upper middle income,3039.63232421875,3656.69799804688,46456003.0,46307853.0
United Arab Emirates,ARE,Middle East & North Africa,High income,44795.2846234991,51921.8890746408,6869838.0,7104538.0
United Kingdom,GBR,Europe & Central Asia,High income,39778.3220528565,42295.9273835322,62766365.0,63258810.0
United States,USA,North America,High income,48642.6312088213,50024.8812320773,309378227.0,311839461.0
Uruguay,URY,Latin America & Caribbean,High income,12641.0576849008,15132.2675725587,3318580.0,3326825.0
Uzbekistan,UZB,Europe & Central Asia,Lower middle income,1956.78127255673,2338.55462817306,28385506.0,28823196.0
Vanuatu,VUT,East Asia & Pacific,Lower middle income,2815.18828985779,3163.1861645138,238248.0,243474.0
"Venezuela, RB",VEN,Latin America & Caribbean,Lower middle income,13646.3046622664,10843.9229703167,28813101.0,29185212.0
Viet Nam,VNM,East Asia & Pacific,Upper middle income,1683.16182443979,1950.92504174913,87455152.0,88468314.0
Virgin Islands (US),VIR,Latin America & Caribbean,High income,39905.1284180994,38997.1373164651,108357.0,108290.0
West Bank and Gaza,PSE,Middle East & North Africa,Lower middle income,2557.07562356699,2880.79843707909,3786161.0,3882986.0
"Yemen, Rep.",YEM,Middle East & North Africa,Low income,1155.20305261418,1186.47500581215,26754387.0,27582897.0
Zambia,ZMB,Sub-Saharan Africa,Lower middle income,1451.10616017155,1624.86817763443,13965594.0,14437796.0
Zimbabwe,ZWE,Sub-Saharan Africa,Lower middle income,902.010759067388,1037.77565157218,13356548.0,13595424.0
